x,y,z
10689.54607,100813.2874,442.172449
10690.87819,100812.6204,437.399555
10692.21062,100811.9502,432.627182
10693.54337,100811.277,427.85533
10694.87638,100810.6009,423.083966
10696.06353,100809.9976,418.831067
10725.47983,100777.2912,448.471682
10727.51038,100775.9784,444.022761
10729.54666,100774.6657,439.576449
10731.58199,100773.3566,435.128615
10733.61605,100772.0515,430.679071
10735.64885,100770.7501,426.227819
10737.68039,100769.4527,421.774863
10739.71035,100768.1596,417.319926
10741.73816,100766.8718,412.862451
10743.76378,100765.5895,408.402429
10745.78721,100764.3125,403.939868
10747.80845,100763.0409,399.474775
10749.8302,100761.7746,395.008431
10751.8568,100760.5131,390.542891
10753.88829,100759.2566,386.07819
10726.39689,100777.7138,447.775262
10728.4692,100776.4768,443.392365
10730.53759,100775.2256,439.011605
10732.59672,100773.9623,434.629959
10734.64654,100772.687,430.247446
10736.68702,100771.3996,425.864105
10738.71815,100770.1001,421.47998
10740.74006,100768.7903,417.094691
10742.75294,100767.4722,412.707685
10744.75679,100766.1461,408.318986
10746.75158,100764.8119,403.928619
10748.73731,100763.4696,399.53661
10750.71399,100762.1201,395.142716
10752.68165,100760.7647,390.746586
10754.64026,100759.4035,386.348239
10724.62404,100777.1809,449.038707
10726.52997,100775.7857,444.594224
10728.43684,100774.376,440.154738
10730.34087,100772.9472,435.720173
10732.2416,100771.4986,431.290589
10734.13898,100770.0303,426.866058
10736.03298,100768.5423,422.446656
10737.92426,100767.0357,418.03242
10739.81546,100765.5141,413.623264
10741.70682,100763.978,409.219218
10743.59834,100762.4275,404.820321
10745.48999,100760.8624,400.426615
10747.38178,100759.2845,396.037571
10749.27375,100757.6993,391.651227
10751.1659,100756.1073,387.267422
10773.20361,100782.2976,405.260176
10770.3611,100783.8437,401.448382
10767.51895,100785.396,397.638853
10764.67647,100786.9506,393.830504
10761.83165,100788.4958,390.020084
10758.98434,100790.0308,386.207392
10756.13457,100791.5556,382.392446
10753.28234,100793.0701,378.575263
10750.42851,100794.5774,374.756388
10747.57557,100796.0861,370.937406
10744.72368,100797.5967,367.118424
10742.60541,100798.7205,364.28092
10659.79547,100704.0319,559.595573
10658.10983,100704.9606,554.952309
10656.4223,100705.8957,550.311036
10654.73282,100706.8374,545.671794
10653.04139,100707.7856,541.034591
10651.34802,100708.7404,536.399437
10649.6544,100709.7028,531.765964
10647.965,100710.6759,527.133185
10646.28008,100711.6599,522.501072
10644.59965,100712.6548,517.86965
10699.02633,100691.6347,534.397672
10696.97765,100692.8356,529.99761
10694.92957,100694.0497,525.600867
10692.88213,100695.277,521.207476
10690.83556,100696.5173,516.817361
10688.79144,100697.7708,512.429833
10686.75008,100699.0373,508.04479
10684.7115,100700.317,503.662265
10682.6757,100701.6098,499.28229
10680.64247,100702.915,494.904793
10678.6102,100704.2277,490.5291
10676.78071,100705.4155,486.59023
10836.37307,100892.3881,264.770565
10837.14225,100890.9976,259.998704
10837.91328,100889.6109,255.226024
10838.68784,100888.2281,250.452781
10839.46594,100886.8492,245.678979
10840.24758,100885.4743,240.904625
10715.05394,100681.5001,484.674809
10713.81553,100682.1367,480.365185
10624.12773,100615.5119,520.134434
10621.80261,100616.6189,515.848592
10619.4795,100617.7288,511.562422
10617.1585,100618.8397,507.275362
10614.83963,100619.9516,502.987402
10613.39582,100620.6449,500.315121
10623.77951,100615.4287,520.120153
10621.35927,100616.5098,515.849519
10618.92815,100617.59,511.584847
10616.48442,100618.6676,507.326702
10614.0281,100619.7424,503.075126
10696.08543,100738.7302,484.036266
10693.6578,100739.553,479.743287
10691.22734,100740.3767,475.452098
10688.79551,100741.1985,471.161306
10686.36368,100742.0155,466.869613
10684.37858,100742.679,463.365638
10693.1018,100736.3673,485.826064
10690.31542,100736.9891,481.721268
10687.53825,100737.6466,477.615802
10684.77077,100738.3407,473.509808
10682.01353,100739.0722,469.403433
10679.26669,100739.8412,465.296923
10676.53042,100740.6476,461.190526
10673.80488,100741.4913,457.084491
10671.0874,100742.3597,452.978268
10668.37467,100743.2381,448.871021
10665.66672,100744.1265,444.762768
10663.97478,100744.6874,442.191732
10685.87603,100740.2834,493.886913
10682.57085,100741.4538,490.322393
10679.25379,100742.6465,486.776329
10675.92658,100743.8604,483.247036
10672.5958,100745.0918,479.727152
10669.26222,100746.3402,476.215928
10665.92588,100747.6056,472.713415
10662.58683,100748.888,469.219667
10659.24527,100750.1858,465.734038
10656.92246,100751.0932,463.315376
10736.04634,100729.7896,461.848733
10734.50323,100730.4844,457.143842
10732.96057,100731.1824,452.43927
10731.42072,100731.883,447.734163
10729.88383,100732.5861,443.028465
10728.44109,100733.2497,438.602217
10733.72906,100729.3734,463.983535
10731.90215,100730.0728,459.382094
10730.07759,100730.7909,454.78261
10728.25929,100731.5263,450.183386
10726.44815,100732.2788,445.584095
10724.80391,100732.9794,441.392755
10661.70002,100647.2333,547.776087
10659.10391,100648.1149,543.51604
10656.50953,100648.997,539.255024
10653.91689,100649.8795,534.993039
10651.32609,100650.7624,530.730006
10648.73893,100651.6443,526.464562
10646.15606,100652.5247,522.196219
10643.57748,100653.4037,517.924984
10641.00318,100654.2812,513.650861
10638.43327,100655.1572,509.373794
10635.86879,100656.0313,505.093091
10633.31005,100656.9035,500.80856
10630.75704,100657.7738,496.520208
10779.46991,100803.2722,386.158275
10777.98927,100803.6164,381.394951
10776.50982,100803.9657,376.631631
10775.03187,100804.3203,371.86824
10773.55959,100804.6818,367.103612
10772.09435,100805.0508,362.337381
10770.63617,100805.4272,357.569568
10769.18506,100805.811,352.800192
10767.74078,100806.2019,348.029324
10766.30003,100806.5966,343.257694
10764.86171,100806.9939,338.485541
10763.8064,100807.2874,334.978631
10742.88537,100774.3949,442.699611
10741.22445,100775.1448,438.043542
10739.55986,100775.8984,433.389384
10737.8912,100776.6555,428.737256
10736.21487,100777.4141,424.088116
10734.53009,100778.1737,419.442194
10732.83686,100778.9342,414.799504
10731.13517,100779.6956,410.160061
10729.42463,100780.4596,405.524283
10727.70176,100781.2385,400.895583
10725.96581,100782.0354,396.274822
10724.2168,100782.8501,391.662102
10722.91681,100783.4632,388.260829
10734.67202,100777.8402,442.336194
10732.49742,100778.8864,437.957087
10730.31255,100779.9566,433.588918
10728.12428,100781.0438,429.22664
10725.93599,100782.1445,424.867744
10723.74771,100783.2586,420.512266
10721.55945,100784.3861,416.160238
10719.37126,100785.527,411.811648
10717.18436,100786.6774,407.464918
10714.99934,100787.8354,403.11927
10713.22802,100788.7805,399.594448
10743.68695,100827.8875,410.01073
10741.61444,100828.7601,405.544943
10739.54171,100829.6362,401.07994
10737.46877,100830.5158,396.615723
10735.39562,100831.3989,392.152295
10733.32137,100832.2849,387.689954
10731.2446,100833.1729,383.229181
10729.40535,100833.96,379.284497
10633.25442,100659.2981,564.504292
10630.04957,100660.7198,560.93951
10626.84018,100662.1436,557.379626
10623.62613,100663.5688,553.824535
10620.40552,100664.9867,550.272468
10617.17773,100666.3943,546.722833
10615.0509,100667.3145,544.389574
10818.03542,100816.8687,335.272381
10815.78204,100818.0982,330.981616
10813.52592,100819.332,326.69354
10811.26716,100820.5703,322.408158
10809.00577,100821.8132,318.125476
10806.74175,100823.0606,313.845499
10804.47516,100824.3125,309.568183
10802.20664,100825.5677,305.292874
10799.93639,100826.8259,301.019375
10797.66441,100828.0872,296.747689
10795.59313,100829.2389,292.857764
10810.33524,100823.0061,337.754666
10807.51061,100824.7133,333.998729
10804.69271,100826.456,330.254092
10801.8817,100828.2341,326.520969
10799.07774,100830.0477,322.799575
10796.28101,100831.8965,319.090119
10793.49783,100833.7857,315.390876
10790.7335,100835.7196,311.700566
10787.98831,100837.698,308.019547
10785.26251,100839.7205,304.348177
10782.55637,100841.7872,300.686804
10780.57117,100843.3406,297.987235
10828.72084,100812.2972,266.262014
10826.72428,100813.3464,261.799634
10824.71669,100814.4014,257.343571
10822.6981,100815.4622,252.893857
10820.66852,100816.5288,248.450529
10818.62988,100817.6002,244.012493
10816.58568,100818.6744,239.57772
10814.53601,100819.7516,235.146175
10812.48085,100820.8316,230.717868
10810.42023,100821.9145,226.292807
10808.70283,100822.817,222.615746
10751.61748,100740.4033,396.024027
10750.9431,100745.355,396.183727
10750.26694,100750.3069,396.332961
10749.58902,100755.2587,396.471727
10748.90933,100760.2107,396.600024
10748.22787,100765.1626,396.717853
10747.54465,100770.1145,396.825213
10746.85983,100775.0665,396.922103
10746.17468,100780.0185,397.008522
10745.48951,100784.9708,397.084471
10744.80431,100789.9232,397.149949
10744.1191,100794.8757,397.204956
10743.43388,100799.8283,397.249491
10742.74864,100804.781,397.283555
10742.0634,100809.7338,397.307147
10741.37815,100814.6866,397.320267
10740.6929,100819.6394,397.322915
10740.00765,100824.5922,397.315029
10739.3224,100829.545,397.296079
10738.63716,100834.4978,397.265941
10737.95666,100839.4162,397.224939
10741.36742,100730.2847,410.99967
10745.4839,100728.5523,413.247701
10748.97506,100727.0832,415.142022
10739.23119,100731.3743,419.209172
10742.77319,100729.9416,422.43433
10746.31623,100728.5085,425.658153
10749.86031,100727.075,428.880643
10753.34907,100725.6638,432.050582
10736.14078,100732.1746,428.376976
10738.85442,100730.8983,432.377849
10741.57526,100729.6012,436.367156
10744.30321,100728.2834,440.344801
10747.03596,100726.9488,444.313552
10749.05803,100725.9536,447.243568
10717.25262,100739.4562,448.98605
10717.49719,100739.255,453.976008
10717.74833,100739.0453,458.96529
10718.00599,100738.8271,463.953877
10718.27016,100738.6004,468.941746
10718.49117,100738.4086,473.022768
10702.19859,100746.1547,466.718213
10701.24027,100746.5112,471.61255
10700.28205,100746.8679,476.506887
10699.32384,100747.2247,481.401224
10698.66123,100747.4714,484.785658
10689.22796,100751.3323,463.898841
10687.42005,100752.0727,468.501367
10685.612,100752.8159,473.103401
10683.80181,100753.5622,477.704085
10681.98944,100754.3115,482.303402
10680.17488,100755.0641,486.901348
10678.35815,100755.8197,491.497921
10676.53771,100756.5808,496.092131
10674.71092,100757.3513,500.682242
10672.87775,100758.1314,505.268195
10671.22649,100758.8398,509.381898
10676.60109,100756.2538,455.534655
10673.83797,100757.4068,459.53911
10671.07173,100758.5762,463.536657
10668.30006,100759.7511,467.528849
10665.52281,100760.9305,471.515781
10663.71961,100761.6976,474.097295
10665.24903,100761.1659,448.952484
10682.26309,100774.357,456.071087
10680.06559,100775.3798,460.444284
10677.87412,100776.4157,464.817433
10675.68808,100777.4619,469.190839
10673.50638,100778.5136,473.565092
10671.666,100779.4067,477.262436
10693.95137,100770.4607,455.102585
10692.44534,100771.2515,459.804348
10690.93751,100772.0458,464.504923
10689.42789,100772.8439,469.204305
10687.9164,100773.6435,473.902813
10686.42621,100774.4273,478.528928
10709.01073,100763.0033,440.096666
10708.59808,100763.1741,445.076681
10708.19686,100763.3363,450.057915
10707.79853,100763.4895,455.039666
10707.39707,100763.6335,460.021444
10706.99248,100763.768,465.003229
10706.69353,100763.8609,468.659854
10741.03578,100750.1063,369.038185
10743.5074,100749.0587,365.596901
10740.60367,100750.5561,385.124182
10744.17863,100749.1639,383.091965
10720.58122,100757.9362,422.387728
10720.83596,100757.7569,427.378011
10721.09606,100757.5661,432.367593
10721.35909,100757.3648,437.356611
10721.62504,100757.1531,442.345043
10721.89393,100756.9311,447.332864
10722.16515,100756.7005,452.320176
10722.43551,100756.4721,457.307635
10722.64982,100756.293,461.279326
10726.40659,100755.6499,416.716011
10728.01213,100754.9567,421.400193
10729.63789,100754.2483,426.075141
10731.26475,100753.5328,430.748607
10732.89057,100752.8109,435.421459
10734.51536,100752.0826,440.093689
10736.1391,100751.348,444.765289
10737.76204,100750.6069,449.43613
10739.10405,100749.9884,453.297017
10731.41684,100753.6575,412.292613
10734.24622,100752.5495,416.293659
10737.08795,100751.475,420.295125
10739.93795,100750.4055,424.292034
10742.79468,100749.33,428.282529
10745.65812,100748.2485,432.266593
10748.52826,100747.161,436.244205
10751.40506,100746.0676,440.215368
10754.28795,100744.9681,444.180431
10730.85147,100759.4737,406.307466
10735.05248,100757.8365,408.468765
10739.2556,100756.1939,410.621798
10743.45613,100754.5441,412.774365
10747.65377,100752.8869,414.926937
10751.84851,100751.2224,417.079508
10756.04035,100749.5506,419.232072
10760.22907,100747.8686,421.382768
10762.93887,100746.77,422.771357
10787.97714,100863.6825,350.366035
10783.7059,100865.7011,348.728424
10779.43346,100867.7326,347.110005
10775.15923,100869.776,345.51141
10770.88329,100871.8312,343.932673
10766.60573,100873.8982,342.373828
10762.96601,100875.6652,341.063122
10807.74131,100854.444,323.529241
10804.26228,100856.0401,320.31229
10800.78504,100857.6467,317.098628
10797.30352,100859.2623,313.894154
10793.81617,100860.8866,310.700406
10790.32302,100862.5196,307.517414
10787.74174,100863.7301,305.175596
10833.55114,100842.8393,313.267615
10831.18814,100843.8606,308.981225
10828.81971,100844.8881,304.699333
10826.44586,100845.922,300.421956
10824.06656,100846.9626,296.149236
10821.68155,100848.0146,291.8825
10819.29076,100849.0792,287.622131
10816.89422,100850.1564,283.368167
10814.49196,100851.2462,279.120649
10812.08449,100852.3482,274.879216
10809.67704,100853.4578,270.639775
10807.3441,100854.5399,266.530089
10841.8133,100838.1814,300.920533
10840.05505,100838.9158,296.297855
10838.2914,100839.6625,291.679199
10836.52409,100840.4236,287.0643
10834.75606,100841.2028,282.452695
10832.98739,100842.0002,277.844438
10831.21811,100842.8157,273.239592
10829.44823,100843.6492,268.63822
10827.68079,100844.4999,264.039033
10825.92096,100845.3659,259.439794
10824.16881,100846.2472,254.840521
10822.42439,100847.1438,250.241267
10820.68771,100848.0556,245.642086
10818.95704,100848.9779,241.042724
10817.22946,100849.9026,236.442682
10815.5049,100850.8295,231.841956
10813.95471,100851.6661,227.698878
10780.30106,100866.5731,372.79053
10775.81885,100868.7511,372.382973
10771.34386,100870.9489,372.003255
10766.8763,100873.1663,371.651385
10762.41637,100875.4032,371.327378
10757.9643,100877.6596,371.031252
10753.51835,100879.9317,370.764393
10749.17395,100882.1633,370.533753
10743.62085,100761.0811,396.100006
10739.11255,100763.2433,396.100006
10734.60424,100765.4056,396.100006
10730.09594,100767.5678,396.100006
10726.43745,100769.3224,396.100006
10754.6234,100755.5464,395.878178
10759.24519,100753.6393,395.834545
10763.86699,100751.7322,395.790912
10767.56443,100750.2065,395.756006
10742.97634,100765.9938,396.086863
10738.36641,100767.9813,396.060578
10733.75647,100769.9688,396.034292
10729.14654,100771.9563,396.008006
10724.53661,100773.9439,395.981721
10754.14804,100761.5303,396.086916
10758.75652,100759.5909,396.060736
10763.365,100757.6515,396.034556
10767.97348,100755.7122,396.008377
10771.30403,100754.3106,395.989456
10742.07824,100771.9855,396.461074
10737.48472,100773.9564,396.583235
10732.8912,100775.9274,396.705396
10728.29768,100777.8983,396.827557
10723.70416,100779.8693,396.949718
10720.25626,100781.3487,397.041412
10743.25687,100771.1751,393.407816
10739.83302,100772.5254,390.023436
10736.40917,100773.8757,386.639057
10733.78787,100774.9094,384.047976
10753.25831,100767.0629,396
10757.96232,100765.1888,396
10762.66633,100763.3147,396
10767.37034,100761.4406,396
10772.07435,100759.5665,396
10753.29582,100767.5604,396
10758.01247,100765.6813,396
10762.72911,100763.8021,396
10767.44576,100761.923,396
10772.1624,100760.0438,396
10751.98883,100767.8289,393.021362
10754.91154,100766.4832,389.070945
10757.84446,100765.1328,385.129699
10760.78755,100763.7777,381.197658
10749.61719,100768.9534,392.500544
10749.66373,100768.8616,387.501604
10749.70997,100768.7715,382.502628
10749.7559,100768.6833,377.503618
10749.80153,100768.5969,372.504573
10749.84727,100768.5118,367.505507
10749.89562,100768.4249,362.506496
10749.94697,100768.3357,357.507555
10749.99474,100768.2552,353.101549
10741.57598,100777.477,396.399671
10736.97794,100779.4309,396.199012
10732.3799,100781.3848,395.998353
10727.78186,100783.3387,395.797694
10723.18382,100785.2926,395.597035
10718.85431,100787.1324,395.408094
10752.75342,100772.5585,396.413084
10757.38525,100770.6756,396.439264
10762.01708,100768.7927,396.465444
10766.64891,100766.9097,396.491623
10771.28074,100765.0268,396.517803
10740.60876,100782.909,396.373815
10735.95128,100784.727,396.321456
10731.29381,100786.545,396.269097
10726.63633,100788.363,396.216738
10721.97885,100790.1811,396.164379
10717.32138,100791.9991,396.11202
10714.06114,100793.2717,396.075369
10751.70667,100778.5992,395.356363
10756.37001,100776.7977,395.269101
10761.03335,100774.9961,395.181839
10765.69669,100773.1945,395.094577
10770.36003,100771.393,395.007315
10773.99744,100769.9877,394.93925
10785.30428,100905.735,379.444637
10780.74806,100907.7902,379.31458
10776.20006,100909.8646,379.203717
10771.66043,100911.9583,379.112052
10768.72851,100913.3233,379.063167
10794.30826,100905.7768,354.988987
10790.00019,100908.0813,353.926161
10785.69133,100910.3998,352.897467
10781.80772,100912.5011,351.999695
10803.33598,100902.0306,319.520313
10799.58012,100904.0297,316.894128
10797.11487,100905.351,315.186653
10815.39847,100896.4126,282.30815
10843.3553,100884.5805,276.472162
10841.39845,100885.5761,271.980017
10839.43024,100886.5784,267.494293
10837.45996,100887.5909,263.011795
10835.48805,100888.6138,258.532385
10833.51454,100889.6473,254.056083
10831.53943,100890.6911,249.582913
10830.0236,100891.5003,246.1516
10756.37293,100917.1919,419.532774
10753.60328,100918.4394,420.327954
10740.24267,100870.5639,397.607403
10745.09928,100869.6794,396.813147
10749.95085,100868.7782,396.006822
10754.7973,100867.8605,395.188442
10759.63853,100866.9263,394.358022
10764.47505,100865.9756,393.518796
10767.37723,100865.3974,393.019762
10740.24299,100870.5834,399.284909
10744.97653,100869.7366,400.654742
10749.70678,100868.8716,402.024594
10754.43367,100867.9885,403.394445
10758.60799,100867.1929,404.604968
10848.47923,100926.6566,235.632981
10846.90816,100927.4872,231.692145
10719.57572,100784.9608,398.64566
10724.11904,100783.0533,399.493989
10728.65726,100781.1367,400.349196
10733.19035,100779.2112,401.211277
10737.71761,100777.2758,402.082108
10742.23626,100775.3278,402.969322
10746.7459,100773.3669,403.873715
10751.24644,100771.3931,404.795267
10755.73778,100769.4065,405.733958
10760.21956,100767.4074,406.691599
10764.69059,100765.397,407.675603
10768.99335,100763.4472,408.65057
10718.5678,100785.4106,400.010495
10722.9345,100783.5588,401.59249
10727.28881,100781.6907,403.18938
10731.63064,100779.8063,404.801125
10735.95951,100777.905,406.4277
10740.27237,100775.9802,408.069206
10744.56835,100774.0307,409.725604
10748.84724,100772.0563,411.396821
10753.10887,100770.0573,413.082782
10757.35348,100768.0349,414.783706
10761.58491,100765.9997,416.502109
10765.80398,100763.9542,418.238544
10769.00171,100762.3929,419.570095
10719.46934,100781.2464,402.009451
10723.53003,100779.3107,404.278332
10727.5823,100777.3685,406.5567
10731.62612,100775.4198,408.844537
10735.66093,100773.4627,411.141013
10739.6853,100771.4917,413.44396
10743.6991,100769.5066,415.753229
10747.70229,100767.5074,418.06879
10751.6948,100765.4942,420.39061
10755.67497,100763.4668,422.721235
10759.63896,100761.4248,425.066617
10763.58653,100759.3682,427.426935
10718.46131,100781.953,403.485009
10722.23867,100780.37,406.448208
10726.01131,100778.7813,409.414297
10729.77921,100777.1866,412.383267
10733.54162,100775.5868,415.356418
10737.29615,100773.9841,418.337914
10741.04262,100772.3785,421.32805
10744.78098,100770.7702,424.32681
10748.51123,100769.1591,427.334176
10752.23437,100767.5447,430.348627
10755.95313,100765.9261,433.366162
10759.66765,100764.3031,436.386563
10715.71808,100783.1892,406.071445
10718.55068,100782.0419,410.028741
10721.39075,100780.8801,413.976414
10724.23826,100779.7037,417.914408
10727.09165,100778.5125,421.843678
10729.94476,100777.3053,425.768263
10732.79691,100776.082,429.688551
10735.64808,100774.8425,433.604498
10738.49823,100773.587,437.51606
10741.34628,100772.315,441.423807
10743.76135,100771.2198,444.743117
10713.04306,100784.4253,408.822366
10714.66672,100783.8163,413.512001
10716.31229,100783.1957,418.192491
10717.9797,100782.5637,422.863706
10719.65993,100781.9239,427.529262
10721.33519,100781.2832,432.196502
10723.00499,100780.6421,436.865618
10724.66933,100780.0003,441.536604
10726.3282,100779.3579,446.209454
10727.36059,100778.9568,449.123571
10708.76108,100786.1422,413.173676
10708.74307,100786.1705,418.17356
10708.73921,100786.1844,423.173536
10708.74745,100786.1868,428.173527
10708.75986,100786.189,433.173511
10708.77563,100786.1922,438.173485
10708.79477,100786.1963,443.173447
10708.81727,100786.2015,448.173394
10708.84248,100786.2075,453.173326
10708.85947,100786.2119,456.525281
10704.13871,100786.5503,418.822146
10702.76207,100787.0907,423.666316
10701.38448,100787.636,428.509674
10700.00687,100788.1859,433.352511
10698.62924,100788.7402,438.194826
10697.25159,100789.2992,443.036614
10695.87393,100789.8626,447.87787
10694.49628,100790.4306,452.7186
10693.11868,100791.0032,457.558808
10691.74113,100791.5803,462.39849
10680.73254,100796.2333,450.70069
10678.57644,100797.148,454.598683
10774.93643,100823.3755,381.292811
10770.16124,100824.8509,381.14855
10765.38793,100826.333,381.011268
10760.60884,100827.7968,380.882118
10755.79221,100829.1328,380.766172
10750.93818,100830.3271,380.664117
10746.05098,100831.3786,380.57604
10741.13482,100832.2864,380.502017
10736.20267,100833.1046,380.441765
10731.29762,100834.0718,380.393818
10727.91246,100834.8471,380.367685
10790.17577,100818.3823,372.122068
10785.44131,100819.7968,371.357774
10780.70876,100821.2251,370.607592
10775.97822,100822.6673,369.871214
10771.24979,100824.1232,369.148648
10766.52353,100825.5929,368.439908
10761.79942,100827.0759,367.74444
10757.0771,100828.5695,367.05966
10752.35657,100830.0734,366.385252
10747.63787,100831.5876,365.721222
10742.92103,100833.1121,365.067576
10738.94057,100834.407,364.52358
10799.88051,100815.7888,364.925198
10795.28406,100817.1536,363.50751
10790.68482,100818.5298,362.109928
10786.08316,100819.9195,360.733985
10781.47953,100821.3257,359.381528
10776.8741,100822.7483,358.052604
10772.267,100824.1873,356.747257
10767.6584,100825.6426,355.465531
10763.04819,100827.116,354.210505
10758.4363,100828.6095,352.98588
10753.82297,100830.1231,351.79173
10750.86656,100831.1034,351.042685
10810.61569,100812.6129,358.006001
10806.28366,100813.8758,355.705954
10801.95043,100815.149,353.413889
10797.61602,100816.4326,351.129819
10793.28053,100817.727,348.853919
10788.9445,100819.036,346.587358
10784.60809,100820.3601,344.330391
10780.27136,100821.6994,342.083049
10775.93434,100823.0539,339.84536
10771.59732,100824.4243,337.617334
10767.26153,100825.8139,335.398915
10762.92723,100827.2235,333.19013
10811.41301,100812.2028,347.263319
10807.49913,100813.345,344.369003
10803.58377,100814.4964,341.48039
10799.66655,100815.6573,338.598082
10795.74332,100816.829,335.728351
10791.813,100818.0118,332.87292
10787.87566,100819.2058,330.031833
10783.93134,100820.4108,327.205133
10779.98035,100821.627,324.392559
10776.02518,100822.8548,321.590936
10772.06651,100824.0943,318.799428
10768.86459,100825.1047,316.550741
10816.95831,100809.9829,340.664345
10813.40025,100810.9508,337.287478
10809.83206,100811.9308,333.924803
10806.25418,100812.923,330.576012
10802.67203,100813.9278,327.23556
10799.08749,100814.9454,323.901584
10795.50058,100815.976,320.574113
10791.91134,100817.0193,317.253176
10788.31946,100818.0758,313.939224
10784.72016,100819.149,310.638742
10781.11186,100820.2401,307.35399
10777.49466,100821.3491,304.085051
10775.01324,100822.1187,301.856299
10767.6193,100850.1409,381.521796
10763.10061,100852.2793,381.429078
10758.59003,100854.4351,381.345084
10754.08763,100856.6083,381.269816
10749.5935,100858.7988,381.203276
10745.10537,100861.0019,381.146934
10740.74063,100863.1503,381.104149
10772.73014,100849.412,370.353414
10768.30585,100851.6423,369.681406
10763.88711,100853.8911,369.035336
10759.47408,100856.1584,368.415232
10755.06697,100858.444,367.821119
10750.66591,100860.7479,367.252971
10747.09312,100862.6247,366.805213
10778.38663,100847.2217,358.95693
10774.02018,100849.3262,357.730104
10769.65797,100851.4455,356.513706
10765.30129,100853.5829,355.309143
10760.95023,100855.7383,354.116438
10756.60487,100857.9116,352.935616
10753.56137,100859.4463,352.114736
10788.2318,100841.3084,346.084216
10784.05867,100843.1771,344.061133
10779.88426,100845.0464,342.041243
10775.70902,100846.9197,340.026702
10771.53388,100848.8032,338.021636
10767.35888,100850.6973,336.026163
10763.44497,100852.4825,334.164134
10799.52707,100838.2939,339.365865
10795.64711,100840.1714,336.831962
10791.76079,100842.0521,334.310106
10787.86815,100843.9357,331.800316
10783.96966,100845.8239,329.30297
10780.0667,100847.7206,326.819166
10776.15942,100849.6262,324.349004
10772.24784,100851.5407,321.892512
10769.60042,100852.8403,320.239193
10815.73601,100831.5359,336.100522
10812.31336,100833.2737,332.896514
10808.88352,100835.0166,329.703022
10805.44734,100836.7642,326.51894
10802.00485,100838.5166,323.344288
10798.55606,100840.2737,320.179084
10795.10113,100842.0363,317.023683
10791.64261,100843.8224,313.885463
10788.18171,100845.6392,310.767563
10784.71862,100847.4866,307.670153
10782.39825,100848.7409,305.607357
10719.61731,100823.4037,407.138042
10723.75338,100821.5349,409.235744
10727.88167,100819.6383,411.323847
10731.99615,100817.7107,413.410721
10734.78411,100816.3758,414.841228
10715.97487,100825.0714,412.407048
10718.99174,100823.8498,416.20259
10722.01039,100822.6007,419.987752
10725.02476,100821.3224,423.766554
10727.21829,100820.3691,426.525066
10707.96444,100828.2905,420.43297
10709.13647,100827.8619,426.861964
10713.44089,100826.4071,418.453146
10715.52721,100825.6988,422.941528
10717.63398,100824.9857,427.41958
10719.21203,100824.4538,430.760555
10713.15324,100809.5307,399.655959
10717.21657,100806.8614,401.054491
10721.27139,100804.1667,402.428992
10725.31748,100801.4468,403.779394
10729.35463,100798.7019,405.105629
10733.37814,100795.9332,406.423795
10737.37853,100793.1431,407.766919
10741.35526,100790.3317,409.135898
10745.30808,100787.4994,410.530641
10749.23673,100784.6463,411.951058
10753.14543,100781.7781,413.395849
10757.04157,100778.9041,414.862929
10760.92514,100776.0246,416.352227
10764.79606,100773.1395,417.863704
10768.65421,100770.2491,419.397319
10712.49341,100809.7469,401.307442
10716.13769,100807.351,403.752681
10719.78164,100804.9408,406.184218
10723.42518,100802.5162,408.602013
10727.06827,100800.0772,411.006029
10730.70523,100797.6277,413.408678
10734.32147,100795.1778,415.841828
10737.91607,100792.7279,418.306942
10741.4888,100790.2782,420.803875
10745.03944,100787.8289,423.332477
10748.56965,100785.379,425.888969
10752.084,100782.9257,428.463933
10755.58264,100780.4688,431.056839
10759.06551,100778.0085,433.667626
10761.42549,100776.333,435.45367
10788.5892,100795.7135,379.17797
10784.05497,100797.7008,378.467405
10779.52869,100799.7092,377.765476
10775.01046,100801.7387,377.072197
10770.50039,100803.789,376.387584
10765.9979,100805.8601,375.715176
10761.50187,100807.951,375.061633
10757.01241,100810.0619,374.427132
10752.52966,100812.1925,373.811693
10748.05376,100814.343,373.215336
10743.58461,100816.5119,372.63569
10794.0319,100792.7586,372.535549
10789.61386,100794.6053,371.096699
10785.20492,100796.4864,369.674474
10780.80539,100798.4017,368.268947
10776.41554,100800.3512,366.880206
10772.03564,100802.3347,365.508336
10767.66302,100804.3457,364.153335
10763.29326,100806.3741,362.815119
10758.92642,100808.4197,361.493718
10754.56259,100810.4825,360.189165
10750.58506,100812.3789,359.013998
10799.55247,100790.9629,366.484025
10795.34365,100792.7549,364.382622
10791.13832,100794.5795,362.302474
10786.9387,100796.4405,360.243166
10782.7451,100798.3378,358.204842
10778.5578,100800.2714,356.187648
10774.37676,100802.2402,354.191714
10770.19613,100804.2311,352.21695
10766.01377,100806.2391,350.263341
10761.82979,100808.2643,348.330946
10757.64432,100810.3065,346.419822
10807.2649,100788.7773,361.431015
10802.58043,100791.0193,357.775338
10798.88267,100792.8239,354.93458
10795.16795,100794.6433,352.125589
10791.4359,100796.4761,349.348444
10787.68675,100798.3222,346.603311
10783.92071,100800.1814,343.890353
10780.14139,100802.0575,341.207644
10776.35941,100803.9621,338.548878
10772.57573,100805.8959,335.91375
10768.79057,100807.8589,333.302408
10765.12493,100809.7869,330.797168
10803.15483,100790.3976,346.047826
10799.86214,100791.8628,342.582068
10796.55753,100793.3485,339.136482
10793.24112,100794.8548,335.711203
10789.91312,100796.3815,332.30631
10786.57922,100797.9319,328.917875
10783.243,100799.5077,325.543494
10779.90458,100801.1089,322.183283
10776.56407,100802.7354,318.837354
10773.22159,100804.3873,315.50585
10770.55212,100805.7282,312.857812
10774.70592,100779.0475,387.435054
10770.05547,100780.9182,387.325048
10765.40925,100782.8005,387.234343
10760.76737,100784.6943,387.162941
10756.12993,100786.5996,387.110842
10751.49707,100788.5164,387.077935
10746.87193,100790.4519,387.058645
10742.25631,100792.4101,387.049884
10737.65033,100794.3909,387.051654
10733.05412,100796.3943,387.063955
10728.46797,100798.4204,387.086948
10723.89813,100800.4828,387.12748
10719.34826,100802.5883,387.189166
10779.30606,100777.4633,379.593076
10774.73008,100779.3684,378.574018
10770.15821,100781.2892,377.566063
10765.59052,100783.2255,376.568611
10761.02708,100785.177,375.581677
10756.46794,100787.1439,374.605275
10751.91249,100789.1255,373.641574
10747.3562,100791.1181,372.705039
10742.79837,100793.1211,371.798384
10738.23919,100795.1342,370.921646
10775.70917,100778.6997,367.52546
10771.41954,100780.4479,365.643251
10767.12699,100782.2131,363.783693
10762.83165,100783.9952,361.946845
10758.53367,100785.7942,360.132767
10754.23387,100787.6092,358.338953
10749.93343,100789.4386,356.561468
10745.95203,100791.1449,354.930592
10761.91952,100785.2376,344.030767
10758.0315,100786.9452,341.391181
10754.15235,100788.6846,338.766971
10823.74974,100826.826,329.393753
10820.80229,100828.2273,325.605763
10817.84556,100829.6437,321.830638
10814.88338,100831.073,318.06467
10811.91577,100832.5152,314.307895
10808.94277,100833.9702,310.560354
10805.96442,100835.4382,306.82209
10802.98209,100836.9202,303.092573
10799.99741,100838.4178,299.371168
10797.01043,100839.931,295.65792
10794.0212,100841.4597,291.952877
10791.58272,100842.7175,288.938628
10784.95595,100865.5237,362.289555
10780.5064,100867.5737,361.290132
10776.052,100869.6196,360.303953
10771.59327,100871.6618,359.329753
10767.13026,100873.7004,358.367539
10762.66299,100875.7352,357.417317
10758.19211,100877.7676,356.478757
10753.88266,100879.7361,355.581564
10793.0529,100865.0494,337.442853
10789.11947,100867.2612,335.289751
10785.18076,100869.4835,333.157161
10781.23678,100871.716,331.045112
10777.28762,100873.9588,328.953652
10773.63605,100876.039,327.040515
10822.78552,100848.7669,322.519798
10819.74441,100850.2694,318.846375
10816.70169,100851.786,315.180061
10813.6574,100853.3166,311.520893
10810.61144,100854.8614,307.869103
10807.56238,100856.4235,304.227236
10804.50983,100858.0036,300.596114
10801.45385,100859.6018,296.975804
10798.39448,100861.2181,293.366372
10795.82541,100862.5882,290.347026
10709.77405,100806.0699,404.171293
10712.81148,100804.8734,407.994017
10715.84267,100803.6758,411.821321
10718.86759,100802.4769,415.653197
10721.88625,100801.2768,419.489634
10724.90131,100800.0729,423.327681
10727.91821,100798.8596,427.161355
10730.93709,100797.6369,430.990468
10733.95794,100796.4048,434.815002
10706.93095,100807.238,408.659517
10708.25204,100806.7362,413.455651
10709.56096,100806.2354,418.255224
10710.85769,100805.7355,423.058205
10712.14436,100805.2354,427.863864
10713.43301,100804.728,432.66823
10714.72552,100804.2122,437.470664
10715.85471,100803.7561,441.652958
10703.70607,100808.7332,411.205534
10702.88474,100809.0994,416.123998
10702.0852,100809.4596,421.046492
10701.30748,100809.8138,425.972911
10700.55174,100810.1624,430.903158
10699.81822,100810.5055,435.837139
10699.10692,100810.8432,440.774746
10698.6467,100811.0646,444.056751
10689.91869,100814.5582,421.755815
10687.17249,100815.7504,425.760417
10685.07398,100816.6747,428.80812
10711.42396,100810.011,403.058892
10714.21594,100808.2014,406.79121
10716.99963,100806.3958,410.531646
10719.77501,100804.5942,414.280179
10722.54208,100802.7966,418.036785
10725.30144,100801.0008,421.799897
10728.05435,100799.2025,425.566536
10730.80081,100797.4016,429.33662
10733.54083,100795.598,433.11014
10735.65853,100794.1993,436.035086
10735.77763,100838.3503,403.816437
10738.95788,100837.051,407.44931
10742.13814,100835.7517,411.082183
10744.30166,100834.8678,413.553627
10735.28061,100838.3496,403.966601
10738.34183,100837.0487,407.699792
10741.40305,100835.7479,411.432983
10743.58264,100834.8217,414.091015
10730.75087,100840.7499,404.223234
10729.6161,100841.2453,409.067497
10728.466,100841.7347,413.908745
10727.30058,100842.2183,418.746924
10726.11986,100842.6959,423.581979
10724.92498,100843.1682,428.41407
10724.04411,100843.5139,431.955846
10727.60835,100841.6905,403.554469
10724.31213,100843.0544,407.057976
10720.9988,100844.3956,410.55411
10718.68267,100845.3156,412.983002
10729.33091,100841.5169,403.577439
10726.9858,100842.5433,407.930337
10724.63144,100843.5599,412.280551
10722.26787,100844.5666,416.62805
10719.89509,100845.5636,420.972802
10717.51346,100846.5544,425.314105
10746.96098,100849.9978,404.086676
10746.44024,100849.9983,409.059483
10745.91267,100850.0055,414.031567
10745.37829,100850.0193,419.002909
10745.02962,100850.0317,422.212502
10745.34147,100850.2339,403.940845
10743.63721,100850.7081,408.617451
10741.9167,100851.1907,413.287232
10740.17996,100851.6818,417.950117
10738.42701,100852.1814,422.606035
10736.65903,100852.6882,427.255479
10735.01233,100853.1581,431.563626
10741.94796,100851.535,403.545092
10738.52408,100852.6002,407.029687
10735.09065,100853.6591,410.506774
10731.64769,100854.7118,413.976329
10728.19521,100855.7582,417.438324
10724.73435,100856.7989,420.893686
10722.64367,100857.4257,422.979461
10740.65172,100866.8711,402.876804
10744.51756,100865.6133,405.830425
10748.3834,100864.3555,408.784046
10735.90817,100868.5475,405.12214
10735.34759,100868.6468,410.166114
10734.78445,100868.7517,415.209687
10734.21875,100868.8624,420.252853
10733.65049,100868.9786,425.295603
10733.07928,100869.1007,430.337883
10732.52732,100870.0196,404.917793
10730.08196,100871.0587,409.153403
10728.46582,100871.7455,411.952717
10742.88192,100879.5451,404.550987
10740.21087,100880.6278,408.636732
10737.54345,100881.7004,412.727511
10734.87969,100882.7628,416.823302
10733.28026,100883.3966,419.287684
10747.43723,100877.5211,404.499712
10747.38062,100877.5589,409.499247
10747.33271,100877.5908,414.498915
10747.29352,100877.617,419.498692
10747.2671,100877.6346,423.739072
10795.83309,100896.7392,330.791534
10791.67146,100898.3533,328.276768
10787.50239,100899.9531,325.76521
10809.09761,100896.3829,295.473983
10807.05463,100897.3397,293.177065
10838.53064,100883.7785,284.977114
10836.58929,100884.6776,280.925814
10831.55645,100887.0655,270.441341
10829.42773,100888.093,266.035363
10827.4128,100889.0733,261.885702
10649.67896,100725.9395,505.602907
10651.6514,100725.294,510.151832
10653.62686,100724.6474,514.699306
10655.60504,100723.999,519.24533
10657.58474,100723.3451,523.789908
10659.56583,100722.6853,528.333033
10661.54831,100722.0197,532.874699
10663.53218,100721.3482,537.414898
10665.51732,100720.6698,541.9535
10667.50331,100719.9798,546.489995
10669.49007,100719.2778,551.024306
10670.92083,100718.765,554.287189
10692.77168,100707.855,473.243494
10696.47068,100706.4401,476.295587
10700.17077,100705.0138,479.341064
10703.87261,100703.5885,482.384878
10707.57644,100702.1683,485.428695
10711.01944,100700.8535,488.256707
10705.75121,100701.6463,461.734815
10709.81677,100699.93,464.282068
10713.88167,100698.2062,466.825329
10717.94721,100696.4769,469.363878
10722.01339,100694.7423,471.897712
10726.53061,100694.8823,455.634668
10662.57832,100721.0417,464.908071
10665.87931,100719.9166,468.491035
10668.68771,100718.9523,471.53379
10679.96193,100715.0113,483.70814
10683.268,100713.8328,487.269189
10686.5743,100712.6439,490.826546
10689.88097,100711.4455,494.380417
10693.18863,100710.2424,497.931731
10696.49735,100709.0349,501.480589
10699.80713,100707.8232,505.026987
10703.11797,100706.6071,508.570921
10706.42996,100705.3876,512.112598
10708.75096,100704.5334,514.592713
10651.59124,100723.8209,477.303016
10654.21909,100722.9372,481.463972
10656.85718,100722.0521,485.618141
10659.50243,100721.1675,489.767849
10662.15033,100720.2861,493.916557
10664.80083,100719.408,498.064291
10667.45393,100718.5331,502.21105
10670.10963,100717.6614,506.35683
10672.76663,100716.791,510.502024
10675.42304,100715.9187,514.647213
10678.07884,100715.0445,518.792403
10680.73403,100714.1685,522.937593
10683.38861,100713.2907,527.082781
10686.04182,100712.4087,531.227978
10688.36823,100711.6287,534.865816
10641.78316,100688.259,457.871791
10644.0972,100687.6642,461.842933
10663.49275,100681.9004,494.958463
10665.98487,100681.0492,499.208723
10668.47542,100680.1751,503.455272
10670.96435,100679.2783,507.698018
10673.45748,100678.3706,511.935972
10675.96488,100677.4722,516.167512
10678.48668,100676.5837,520.392552
10681.02285,100675.7049,524.611034
10683.57336,100674.836,528.8229
10686.13699,100673.9752,533.028478
10688.7117,100673.1199,537.228392
10691.29744,100672.27,541.422622
10693.89418,100671.4255,545.611138
10695.5569,100670.8894,548.28083
10681.22947,100670.594,493.023042
10683.75988,100669.5754,496.393565
10691.26132,100666.4664,506.369353
10694.17858,100665.2124,510.231611
10697.09655,100663.9328,514.084928
10700.01534,100662.628,517.929155
10702.9425,100661.3111,521.762876
10705.88185,100659.9887,525.585369
10708.19568,100658.9477,528.575464
10639.27696,100685.7821,475.607086
10641.10237,100685.048,480.2037
10642.93236,100684.3038,484.796877
10644.76693,100683.5495,489.38659
10646.60597,100682.7856,493.972914
10648.44709,100682.0206,498.558216
10650.28928,100681.2581,503.143521
10652.13253,100680.4983,507.728825
10653.97683,100679.7409,512.314129
10655.82215,100678.986,516.899412
10657.66711,100678.2272,521.484211
10659.51113,100677.462,526.068323
10661.35421,100676.6904,530.65174
10663.19635,100675.9124,535.234453
10665.03763,100675.1276,539.816345
10666.88026,100674.3253,544.394655
10668.72518,100673.5009,548.968125
10670.57235,100672.6545,553.53666
10672.42173,100671.7861,558.100167
10673.71425,100671.1667,561.283375
10639.40548,100684.8113,498.518673
10640.89774,100684.1988,503.251335
10642.38958,100683.5811,507.983437
10643.88099,100682.958,512.714976
10645.37198,100682.3296,517.445945
10646.86119,100681.6966,522.176867
10648.34213,100681.0629,526.910278
10649.81393,100680.4288,531.646496
10651.2766,100679.7945,536.385504
10652.73011,100679.1598,541.127285
10654.1758,100678.5247,545.871395
10655.61998,100677.8881,550.615776
10656.77484,100677.3778,554.411281
10627.93711,100686.4991,528.70466
10628.62246,100685.9651,533.632147
10629.3065,100685.4294,538.559636
10629.98924,100684.892,543.487124
10630.67066,100684.353,548.41461
10631.35322,100683.8142,553.341964
10632.03993,100683.278,558.269021
10632.73079,100682.7443,563.195775
10602.71999,100636.0961,520.809015
10604.36507,100635.2965,525.46242
10606.01035,100634.4757,530.11208
10607.65578,100633.6338,534.75791
10609.30134,100632.7708,539.399825
10610.947,100631.8868,544.037738
10612.59173,100630.9906,548.673661
10614.23458,100630.091,553.309588
10615.87554,100629.188,557.945516
10617.5146,100628.2816,562.581442
10619.15178,100627.3717,567.217365
10620.78875,100626.4597,571.852945
10621.77753,100625.9089,574.650658
10607.99074,100629.946,503.94252
10610.0771,100628.8586,508.354399
10612.17815,100627.7727,512.759679
10614.29351,100626.6865,517.158001
10616.42024,100625.5843,521.54688
10618.5577,100624.4631,525.925713
10619.96718,100623.7165,528.795779
10618.70014,100627.5105,496.682132
10621.09419,100626.3755,500.92246
10623.49379,100625.2523,505.162767
10625.899,100624.1405,509.402927
10628.31216,100623.0338,513.639892
10630.73436,100621.9292,517.872223
10632.52093,100621.1183,520.980868
10647.12288,100717.1727,516.521414
10649.33842,100716.406,520.937693
10651.54094,100715.6128,525.355793
10653.73038,100714.7931,529.77556
10655.90666,100713.9469,534.196837
10658.06931,100713.0732,538.619443
10660.21162,100712.1536,543.042638
10662.33098,100711.1818,547.465715
10664.42713,100710.1579,551.888097
10666.49977,100709.0819,556.309209
10668.41773,100708.0296,560.442991
10648.40483,100714.9574,488.525405
10651.17441,100714.0606,492.590527
10653.94755,100713.152,496.650577
10656.72423,100712.2314,500.705526
10659.50443,100711.299,504.755345
10662.28423,100710.3478,508.801075
10665.04645,100709.3484,512.847192
10667.78875,100708.2973,516.893764
10670.5108,100707.1947,520.940296
10673.21225,100706.0407,524.98629
10675.89865,100704.8463,529.030628
10678.5955,100703.6595,533.070258
10681.30579,100702.4861,537.104785
10684.02948,100701.3261,541.134147
10686.76651,100700.1794,545.158282
10689.51427,100699.0448,549.178559
10692.26143,100697.9173,553.201219
10694.5184,100696.9951,556.510579
10592.23161,100638.9158,545.478126
10593.39899,100638.323,550.303664
10594.56331,100637.7233,555.129083
10595.72424,100637.1207,559.954964
10596.88178,100636.5152,564.781301
10598.03593,100635.9069,569.608091
10599.18674,100635.2957,574.435309
10600.33589,100634.68,579.26235
10601.48412,100634.059,584.088941
10602.47935,100633.5162,588.275159
10648.96954,100709.626,475.723493
10651.86366,100708.2563,479.568163
10654.76558,100706.8832,483.405682
10657.67815,100705.5231,487.239793
10660.60145,100704.1767,491.070565
10663.53542,100702.8439,494.897948
10666.48003,100701.5248,498.721895
10669.43983,100700.231,502.542735
10672.42399,100698.9864,506.360956
10675.43242,100697.7918,510.17611
10678.46475,100696.6474,513.987726
10681.52059,100695.5533,517.795331
10684.59379,100694.4996,521.600395
10687.67251,100693.4664,525.406592
10690.75634,100692.4529,529.213967
10693.84525,100691.4592,533.022455
10696.93917,100690.4853,536.831995
10700.03538,100689.5146,540.640455
10584.64987,100642.3069,579.158372
10677.12289,100706.2968,478.440278
10680.71814,100705.0885,481.698234
10684.31765,100703.8858,484.953534
10687.9075,100702.6663,488.213251
10691.47139,100701.4046,491.485331
10695.00895,100700.1007,494.769444
10698.51978,100698.7548,498.065243
10702.00353,100697.367,501.372386
10705.47661,100695.9551,504.680622
10708.95821,100694.5398,507.97839
10711.82262,100693.3754,510.677675
10680.8213,100697.6893,471.132352
10684.63021,100696.3438,474.078854
10688.4532,100695.0381,477.024992
10692.28723,100693.759,479.968439
10696.13036,100692.4976,482.907716
10699.98253,100691.2542,485.842774
10703.84367,100690.0286,488.773562
10707.71361,100688.8206,491.700062
10711.58193,100687.6037,494.624963
10713.92586,100686.8521,496.400442
10626.2132,100648.862,484.04702
10628.39054,100648.2066,488.500055
10630.57759,100647.5247,492.944358
10632.77426,100646.8164,497.379775
10634.98035,100646.0818,501.806225
10637.18452,100645.3242,506.229754
10639.37951,100644.5457,510.654224
10641.56527,100643.7464,515.079541
10643.74177,100642.9262,519.505614
10645.90896,100642.0853,523.93237
10648.06737,100641.2337,528.36136
10650.21734,100640.3776,532.793598
10652.35886,100639.5171,537.229066
10654.38591,100638.6953,541.446626
10628.1196,100647.1334,476.024957
10637.27488,100643.943,488.510404
10640.21168,100642.9836,492.441659
10642.13669,100642.3711,494.999689
10611.82184,100653.2794,528.5923
10614.03985,100652.2926,532.96342
10616.27375,100651.3351,537.332947
10618.52342,100650.4068,541.700689
10620.78878,100649.5079,546.066451
10623.07111,100648.6339,550.428448
10625.372,100647.7797,554.784632
10627.69136,100646.9455,559.134863
10629.313,100646.3778,562.152525
10615.34619,100654.2934,516.425239
10618.13011,100653.3589,520.472023
10620.91479,100652.4052,524.513808
10623.69899,100651.4331,528.551538
10626.48266,100650.4426,532.585155
10629.26576,100649.4337,536.614601
10632.0487,100648.4068,540.63961
10634.83732,100647.3666,544.657262
10637.63347,100646.3146,548.6666
10639.85587,100645.4721,551.839666
10602.76644,100655.6098,551.360269
10604.18218,100654.8738,556.098843
10605.60023,100654.1277,560.835135
10607.02039,100653.3716,565.569195
10608.44268,100652.6054,570.301001
10609.86708,100651.8291,575.030534
10611.29235,100651.0435,579.75827
10612.71434,100650.2513,584.485885
10613.84648,100649.6145,588.258529
10661.80185,100746.5869,444.939835
10664.58358,100745.4406,448.933323
10667.3759,100744.3206,452.926895
10670.1787,100743.227,456.920423
10672.9919,100742.1598,460.913777
10675.81701,100741.1169,464.905145
10678.65677,100740.0947,468.89146
10681.51116,100739.093,472.872562
10684.3801,100738.1121,476.848345
10687.26351,100737.1518,480.818702
10690.15797,100736.1918,484.781075
10692.42353,100735.4169,487.869015
10656.20336,100747.4527,450.07747
10658.42654,100746.1634,454.366421
10660.64421,100744.8617,458.654486
10662.85635,100743.5476,462.941633
10665.06301,100742.2212,467.227825
10667.26914,100740.8892,471.512536
10669.47782,100739.5557,475.795447
10671.68907,100738.2206,480.076555
10673.90287,100736.8839,484.355859
10676.11925,100735.5457,488.633336
10678.34057,100734.2045,492.907325
10680.56826,100732.8595,497.176779
10682.80233,100731.5106,501.441684
10684.28053,100730.6181,504.25445
10659.05426,100747.1067,479.016203
10660.83795,100746.2719,483.612023
10662.63003,100745.4286,488.203016
10664.43052,100744.5767,492.789153
10666.23902,100743.715,497.370283
10668.05414,100742.838,501.945891
10669.8757,100741.9452,506.515873
10671.70368,100741.0365,511.080169
10673.53806,100740.1121,515.638719
10674.85057,100739.4428,518.887789
10700.79237,100725.8928,469.447896
10704.26988,100724.1342,472.765482
10707.74568,100722.3593,476.076133
10711.21972,100720.5681,479.379807
10714.69197,100718.7605,482.676465
10627.7692,100671.4186,506.275078
10629.9845,100670.8098,510.776903
10632.2018,100670.1963,515.277102
10634.41878,100669.5705,519.775754
10636.63248,100668.9226,524.27291
10638.84285,100668.2528,528.768482
10641.04985,100667.561,533.262382
10643.25343,100666.8473,537.754524
10645.45196,100666.1063,542.244735
10647.64372,100665.3329,546.732769
10649.82861,100664.5269,551.218429
10652.00654,100663.6884,555.701523
10599.20578,100615.7528,516.723269
10601.15677,100615.0991,521.280286
10602.60284,100614.6147,524.657946
10619.84085,100671.791,542.672754
10621.16658,100671.2163,547.459416
10622.50268,100670.6349,552.24238
10623.85554,100670.0502,557.020231
10625.22516,100669.4623,561.79291
10626.6115,100668.8711,566.560354
10628.01393,100668.2773,571.322765
10628.98323,100667.8745,574.615512
10611.88918,100610.2363,512.693848
10614.17705,100609.2875,516.812489
10611.73053,100669.573,554.506094
10612.77952,100669.0236,559.363851
10613.83061,100668.4783,564.221609
10614.88379,100667.937,569.079364
10615.93924,100667.3994,573.937046
10617.00123,100666.8588,578.792963
10617.81205,100666.445,582.473039
10633.34531,100664.3261,479.082361
10636.01244,100663.2527,483.17311
10638.67956,100662.1793,487.263858
10641.34669,100661.1059,491.354607
10644.01382,100660.0325,495.445356
10646.28861,100659.1169,498.934355
10717.55179,100725.9407,458.866409
10721.61841,100724.5933,461.444596
10725.70032,100723.2551,464.003312
10729.7974,100721.926,466.542487
10733.77353,100720.639,468.971744
10721.45217,100710.5564,453.621863
10725.35267,100708.4038,455.891818
10729.25468,100706.254,458.161772
10733.15776,100704.1062,460.431725
10735.72913,100702.6912,461.927169
10781.48445,100885.9096,374.036953
10776.98535,100888.0032,373.424666
10772.4932,100890.1126,372.815841
10768.00805,100892.238,372.210485
10763.52998,100894.3791,371.608542
10759.54675,100896.2998,371.072455
10793.95945,100886.8507,335.367721
10789.71087,100888.7394,333.095004
10785.48203,100890.6856,330.834019
10781.27354,100892.689,328.585091
10803.27962,100875.871,322.803952
10799.57643,100877.3433,319.723679
10795.86456,100878.7934,316.643338
10792.14408,100880.2213,313.562999
10788.41509,100881.627,310.482729
10808.16858,100874.5484,308.638853
10804.75118,100875.8426,305.226202
10801.31749,100877.1308,301.82761
10798.00588,100878.3616,298.57825
10826.42186,100865.0614,303.989777
10819.15198,100867.5539,293.038958
10816.43063,100868.4967,288.95173
10813.70687,100869.4456,284.867524
10810.98029,100870.4008,280.786695
10808.72277,100871.1965,277.42291
10835.6735,100866.5436,298.320985
10833.42058,100867.5401,293.969983
10831.18018,100868.5767,289.621902
10828.95317,100869.6549,285.277045
10826.73974,100870.7746,280.935746
10824.54005,100871.9357,276.598337
10822.35301,100873.1344,272.264753
10820.17614,100874.3629,267.934404
10818.00944,100875.6209,263.607436
10815.85299,100876.9084,259.28402
10814.36699,100877.8165,256.294817
10843.36209,100862.0641,286.83956
10841.56164,100863.0428,282.236008
10839.7526,100864.0361,277.638962
10837.935,100865.0441,273.048483
10836.10916,100866.0666,268.464489
10834.28808,100867.1009,263.881229
10832.47857,100868.1453,259.295712
10830.68064,100869.2,254.707979
10828.89431,100870.2649,250.118077
10827.11943,100871.3399,245.526062
10825.35162,100872.4193,240.932387
10823.58884,100873.5008,236.33725
10821.83111,100874.5843,231.740659
10820.07841,100875.6698,227.142619
10831.0894,100822.7017,322.897879
10828.8055,100823.8206,318.593014
10826.52403,100824.9529,314.290369
10824.24226,100826.0913,309.989497
10821.96021,100827.2359,305.690405
10819.67787,100828.3866,301.393099
10817.39522,100829.5434,297.097591
10815.10934,100830.7024,292.804408
10812.81822,100831.861,288.513909
10810.52189,100833.0193,284.226101
10808.22033,100834.1771,279.94099
10805.91356,100835.3347,275.6586
10803.60186,100836.5003,271.381054
10801.28542,100837.6796,267.109824
10799.67946,100838.5038,264.157426
10833.92963,100822.5422,315.345878
10831.92998,100823.5877,310.884002
10829.9324,100824.6438,306.423677
10827.9369,100825.7103,301.964926
10825.94349,100826.7874,297.507768
10823.95229,100827.875,293.052194
10821.96728,100828.9758,288.597091
10819.9905,100830.0911,284.141922
10818.02198,100831.2208,279.686738
10816.06173,100832.3649,275.231588
10814.10961,100833.5234,270.776574
10812.15889,100834.6924,266.323706
10810.20616,100835.8701,261.87401
10808.25143,100837.0565,257.427499
10806.73866,100837.9798,253.991651
10836.6287,100822.1156,305.402495
10834.96618,100823.0359,300.777671
10833.30459,100823.9679,296.154847
10831.64393,100824.9115,291.534047
10829.9849,100825.8656,286.914825
10828.32884,100826.8282,282.296273
10826.6758,100827.799,277.67838
10825.02579,100828.7782,273.061161
10823.37881,100829.7656,268.44463
10821.73159,100830.7611,263.829903
10820.07769,100831.7639,259.219157
10818.41696,100832.7741,254.612471
10816.7494,100833.7915,250.009867
10815.07503,100834.8164,245.411367
10813.39682,100835.8472,240.815617
10811.72063,100836.8817,236.219932
10810.04662,100837.9196,231.624246
10808.37479,100838.9611,227.028561
10807.35503,100839.5987,224.222437
10837.50064,100820.8268,286.60513
10836.65619,100821.2586,283.675322
10825.99662,100826.9115,248.28867
10824.51014,100827.7166,243.583119
10823.01038,100828.5315,238.88348
10821.51046,100829.3498,234.184468
10820.01342,100830.1698,229.484859
10818.51924,100830.9917,224.784654
10817.02794,100831.8155,220.083855
10815.74946,100832.5244,216.046359
10852.08287,100899.4827,258.33249
10850.44665,100900.2225,253.666067
10848.80714,100900.9747,249.002795
10847.40491,100901.6268,245.024277
10843.51306,100899.6704,263.071993
10841.60837,100900.415,258.509352
10839.70533,100901.1682,253.947429
10837.80394,100901.93,249.386236
10836.07866,100902.6281,245.24472
10831.84058,100903.4157,265.258575
10830.0002,100904.1232,261.844518
10677.29455,100647.6161,530.219588
10673.41378,100649.3453,532.85573
10669.79145,100650.9793,535.315502
10668.502,100652.2386,518.550225
10664.20523,100654.2103,520.178076
10660.8204,100655.7572,521.459515
10674.70165,100647.8683,500.451376
10659.44291,100654.1294,501.830798
10654.68816,100656.0634,502.236027
10650.02645,100659.5516,483.120069
10641.76612,100660.6034,470.94859
10637.27353,100662.3872,469.670001
10633.54843,100663.872,468.603512
10685.35509,100654.6529,527.012333
10681.4731,100656.4414,529.606811
10677.59158,100658.2396,532.19532
10673.71055,100660.0474,534.777848
10669.82993,100661.8644,537.35452
10665.94778,100663.6828,539.927896
10662.06336,100665.4997,542.498933
10659.29706,100666.792,544.327572
10663.0416,100661.7441,504.117259
10658.41437,100663.5646,504.641025
10653.7929,100665.3988,505.167999
10649.17713,100667.2457,505.700537
10646.08316,100668.4921,506.060987
10646.5796,100674.08,477.397232
10642.15781,100676.1977,476.41588
10638.80406,100677.813,475.672448
10710.41884,100664.8606,509.361044
10705.9836,100666.6031,510.875078
10701.54397,100668.3402,512.382458
10697.09996,100670.0718,513.883176
10692.65114,100671.7982,515.375697
10688.19609,100673.5198,516.855142
10685.28087,100674.6424,517.814839
10702.33991,100675.2628,527.36316
10698.29882,100676.8974,529.812197
10694.25853,100678.5316,532.262756
10690.21903,100680.1656,534.714836
10686.18032,100681.7992,537.168437
10682.14328,100683.4328,539.62478
10678.10918,100685.0668,542.085666
10674.07804,100686.7013,544.55111
10670.04986,100688.3362,547.021107
10666.02466,100689.9715,549.495654
10662.00218,100691.614,551.969901
10657.9821,100693.2735,554.43667
10654.42959,100694.7551,556.611476
10710.04006,100671.2267,489.382934
10705.47161,100672.9106,488.245462
10700.90307,100674.5999,487.116492
10696.33506,100676.2963,485.996023
10691.76819,100678.0014,484.884055
10687.2025,100679.7151,483.780596
10682.63802,100681.4375,482.685651
10678.07476,100683.1685,481.599228
10675.0404,100684.3253,480.880493
10648.90898,100694.5237,474.770415
10644.52509,100696.2767,473.758993
10645.4893,100616.4918,537.200112
10634.60842,100620.9624,544.810266
10630.72766,100622.5636,547.526143
10626.8541,100624.1819,550.242111
10622.99035,100625.8234,552.958155
10619.13651,100627.488,555.674206
10615.43357,100629.1134,558.29052
10632.70212,100624.2566,500.257322
10629.08891,100625.867,500.734329
10632.2623,100616.476,519.503425
10627.6559,100618.0622,521.180993
10623.05465,100619.6633,522.858551
10618.45852,100621.2791,524.536084
10613.86508,100622.9025,526.213607
10862.3807,100895.2958,254.977403
10861.14182,100895.844,250.375684
10767.70959,100804.1658,355.527364
10771.93632,100802.5006,353.37011
10776.15657,100800.8397,351.196918
10780.37027,100799.183,349.007817
10784.57738,100797.5307,346.802833
10788.77828,100795.8808,344.584207
10792.97534,100794.2236,342.363809
10797.1689,100792.5575,340.143403
10801.35894,100790.8826,337.922998
10766.24722,100804.727,353.129952
10767.73264,100804.189,348.386111
10769.20602,100803.6615,343.637324
10770.66733,100803.1448,338.883644
10772.11657,100802.6386,334.125125
10773.55514,100802.1416,329.362413
10774.99159,100801.6441,324.599104
10776.42734,100801.1446,319.835794
10777.86239,100800.6431,315.072484
10779.29675,100800.1396,310.309174
10780.7309,100799.6349,305.545931
10782.16785,100799.1338,300.783144
10783.60811,100798.6373,296.020883
10785.05166,100798.1453,291.259155
10786.49851,100797.6578,286.497964
10787.94854,100797.1751,281.737245
10788.88184,100796.8687,278.677564
10792.90687,100795.5868,265.519518
10794.12783,100795.2106,261.540078
10767.00918,100804.4246,354.191777
10770.02045,100803.2864,350.366003
10773.02222,100802.1647,346.527873
10776.01442,100801.0597,342.677467
10778.997,100799.9714,338.814864
10781.97276,100798.8982,334.942753
10784.95882,100797.8314,331.076848
10787.95802,100796.7693,327.2198
10790.97033,100795.7121,323.371653
10793.01255,100795.0007,320.777288
10766.63725,100804.6318,353.404308
10768.9072,100803.9079,349.008491
10771.17104,100803.2005,344.60683
10773.42875,100802.5097,340.199387
10775.68029,100801.8356,335.786222
10777.92637,100801.1751,331.368198
10780.17131,100800.5108,326.950173
10782.41586,100799.8398,322.532957
10784.66,100799.1621,318.116559
10786.90373,100798.4777,313.700987
10789.1474,100797.7865,309.286449
10790.87011,100797.2511,305.90112
10773.13175,100823.6652,353.640929
10774.63136,100823.007,348.916744
10776.11242,100822.3642,344.184603
10777.57488,100821.7366,339.444628
10779.01871,100821.1244,334.696941
10780.44675,100820.5259,329.942736
10781.87622,100819.9308,325.18853
10783.31,100819.3375,320.435403
10784.74809,100818.7459,315.683361
10786.19049,100818.156,310.932408
10787.6365,100817.5673,306.18241
10789.08195,100816.9762,301.432546
10790.52616,100816.382,296.68268
10791.96912,100815.7848,291.932813
10793.41083,100815.1846,287.182949
10794.85086,100814.5814,282.432951
10796.28657,100813.9755,277.681994
10797.71753,100813.3669,272.929948
10799.14374,100812.7556,268.176817
10800.56519,100812.1416,263.422607
10801.98204,100811.5238,258.667518
10803.3953,100810.8957,253.912722
10804.80512,100810.256,249.15844
10806.21149,100809.6048,244.404698
10807.6144,100808.9421,239.651525
10809.01457,100808.269,234.899006
10810.41629,100807.5919,230.147512
10811.82028,100806.9118,225.397106
10813.01349,100806.3325,221.366766
10773.38013,100823.1092,353.700767
10775.18346,100822.3256,349.095015
10776.96096,100821.5395,344.479662
10778.71258,100820.7509,339.854851
10780.43827,100819.9598,335.220722
10782.14234,100819.1678,330.57875
10783.85013,100818.3839,325.936783
10785.56575,100817.6094,321.296105
10787.28917,100816.8445,316.656745
10789.02038,100816.089,312.018732
10790.75875,100815.3405,307.382256
10792.50065,100814.585,302.748267
10794.24553,100813.8201,298.116928
10795.99338,100813.0458,293.488258
10797.74419,100812.2623,288.862276
10799.49668,100811.4688,284.238616
10801.24389,100810.6625,279.615196
10802.98477,100809.8427,274.991736
10804.71929,100809.0096,270.368278
10815.54871,100803.5877,240.946676
10816.98589,100802.8598,236.95934
10773.64258,100823.0339,353.878615
10775.78615,100822.1197,349.424082
10777.9075,100821.2294,344.954075
10780.00651,100820.3633,340.468825
10782.08308,100819.5212,335.968565
10784.13992,100818.7003,331.455344
10786.19212,100817.8843,326.939101
10788.24194,100817.071,322.421308
10790.28938,100816.2603,317.901969
10792.33445,100815.4523,313.381086
10794.37863,100814.6459,308.85949
10796.42922,100813.8372,304.341219
10798.48719,100813.0256,299.826824
10800.55252,100812.2111,295.316318
10802.62521,100811.3937,290.809715
10804.70849,100810.5721,286.308758
10806.8165,100809.7408,281.821135
10773.87908,100822.9662,354.14291
10776.50118,100821.9116,350.018295
10779.10846,100820.8745,345.879899
10781.70085,100819.8548,341.727839
10784.27828,100818.8525,337.562234
10786.84237,100817.864,333.385104
10789.40325,100816.8675,329.207941
10791.96261,100815.8591,325.032676
10794.52043,100814.8389,320.859332
10797.07669,100813.8069,316.687934
10799.6326,100812.7643,312.51898
10802.19537,100811.7172,308.355341
10804.76621,100810.6669,304.197509
10807.08066,100809.7213,300.470399
10774.35923,100822.8455,354.890707
10777.75923,100821.5388,351.465429
10781.15141,100820.2352,348.03126
10784.53575,100818.9345,344.588223
10787.91222,100817.6368,341.136336
10791.28208,100816.3417,337.677038
10794.65293,100815.0462,334.218842
10798.02602,100813.7499,330.763169
10801.40137,100812.4527,327.310019
10804.77897,100811.1546,323.859394
10808.16106,100809.8548,320.413828
10810.65879,100808.8949,317.893338
10817.89064,100806.1155,310.72522
10774.73143,100822.6877,355.803588
10778.88197,100821.0744,353.403658
10783.03285,100819.476,350.994279
10787.184,100817.8927,348.575482
10791.33539,100816.3244,346.147295
10795.48505,100814.7636,343.711402
10799.6238,100813.1736,341.275803
10803.75023,100811.5497,338.841658
10807.86414,100809.892,336.40909
10811.96532,100808.2007,333.978222
10816.05704,100806.4807,331.551494
10820.15265,100804.7514,329.137977
10824.25346,100803.0147,326.738601
10777.20492,100843.1583,354.666656
10778.85619,100842.4935,349.994261
10780.49598,100841.8534,345.314383
10782.12423,100841.238,340.627169
10783.74091,100840.6473,335.93277
10785.34719,100840.0782,331.232129
10786.95049,100839.5123,326.530094
10788.55204,100838.9463,321.827467
10790.15185,100838.3803,317.124246
10791.74992,100837.8144,312.420434
10793.34667,100837.2484,307.716178
10794.94473,100836.6824,303.012365
10796.54454,100836.1164,298.309145
10798.14609,100835.5504,293.606517
10799.74939,100834.9845,288.904483
10801.35417,100834.4172,284.203111
10802.95878,100833.8406,279.502822
10804.56297,100833.2533,274.803705
10806.16672,100832.6554,270.105782
10807.77002,100832.0468,265.409074
10809.37302,100831.4281,260.713596
10810.9767,100830.8021,256.019312
10812.58121,100830.1692,251.326224
10814.18654,100829.5296,246.634342
10815.79269,100828.8831,241.943674
10817.40031,100828.2304,237.254379
10819.01335,100827.5747,232.567362
10820.61379,100826.924,227.936639
10781.5597,100863.1398,354.373392
10783.21615,100862.4448,349.707258
10784.83868,100861.7834,345.024332
10786.4271,100861.1558,340.325096
10787.98127,100860.5621,335.610032
10789.50446,100859.9969,330.881355
10791.01728,100859.4282,326.149757
10792.52317,100858.8509,321.417009
10794.02212,100858.2647,316.683137
10795.51412,100857.6697,311.948164
10796.99917,100857.0672,307.211966
10798.47725,100856.464,302.473679
10799.94838,100855.8612,297.733167
10801.41253,100855.2589,292.99044
10802.86972,100854.657,288.245508
10804.32132,100854.0558,283.498792
10805.77565,100853.4557,278.752759
10807.23409,100852.8569,274.007824
10808.69664,100852.2594,269.263991
10810.16329,100851.6632,264.521263
10811.5453,100851.1038,260.064003
10815.67255,100849.4344,246.758074
10817.14331,100848.8395,242.016456
10818.61405,100848.2446,237.274821
10820.08428,100847.6517,232.532788
10821.47887,100847.0915,228.032086
10781.88559,100863.0998,355.034854
10783.83376,100862.3151,350.497361
10785.76801,100861.5514,345.950346
10787.68827,100860.8086,341.39394
10789.59448,100860.0868,336.828274
10791.48733,100859.3808,332.254584
10793.37112,100858.6591,327.679604
10795.24653,100857.9165,323.104531
10797.11352,100857.1529,318.529458
10798.97207,100856.3685,313.954477
10800.82327,100855.565,309.379826
10802.67395,100854.7532,304.806426
10804.52526,100853.935,300.234433
10806.3772,100853.1103,295.663853
10808.22976,100852.2791,291.094696
10810.08287,100851.4409,286.52705
10811.93616,100850.5922,281.96142
10813.78956,100849.7324,277.397908
10815.32611,100849.0112,273.61638
10817.14521,100848.1477,269.141592
10818.99956,100847.2568,264.584435
10820.86494,100846.3554,260.033844
10822.74474,100845.4438,255.491239
10824.43785,100844.6199,251.436061
10782.11137,100863.0048,354.642762
10784.50599,100862.0188,350.318715
10786.87987,100861.0384,345.981961
10789.23295,100860.0636,341.632607
10791.56516,100859.0946,337.270761
10793.87967,100858.1297,332.89858
10796.19298,100857.1607,328.526663
10798.50739,100856.1864,324.156509
10800.82293,100855.2068,319.788124
10803.13957,100854.222,315.421512
10805.45629,100853.2303,311.056513
10807.76849,100852.2242,306.692407
10810.07561,100851.2028,302.329148
10812.37762,100850.1662,297.966782
10814.6745,100849.1144,293.605354
10816.96908,100848.0538,289.244852
10819.27232,100847.0089,284.885127
10821.58526,100845.9821,280.526231
10823.90785,100844.9734,276.168236
10826.24006,100843.9829,271.811214
10828.58321,100843.008,267.456544
10782.41694,100862.9264,355.531803
10785.25483,100861.7923,351.574516
10788.09804,100860.6756,347.616111
10790.94655,100859.5762,343.65664
10793.8003,100858.4942,339.696155
10796.65877,100857.4285,335.734689
10799.51901,100856.3714,331.772158
10802.38051,100855.3218,327.808555
10805.24326,100854.2796,323.843888
10808.10727,100853.245,319.878167
10810.97218,100852.2154,315.91179
10813.83599,100851.1762,311.947107
10816.69836,100850.1251,307.98453
10819.55927,100849.0621,304.024082
10822.41869,100847.9871,300.065789
10825.27665,100846.8998,296.109789
10828.13337,100845.7984,292.156816
10830.98888,100844.6825,288.207021
10833.84313,100843.5522,284.260438
10836.6961,100842.4073,280.317103
10838.5637,100841.65,277.736873
10782.67867,100862.8088,356.081155
10786.03336,100861.4368,352.636817
10789.09678,100860.1945,349.480592
10811.69992,100851.2041,326.152944
10815.08051,100849.8517,322.726211
10818.46535,100848.4872,319.308447
10821.85197,100847.1082,315.898304
10825.24035,100845.7146,312.49582
10828.63043,100844.3066,309.101031
10832.02229,100842.8842,305.71399
10835.42093,100841.4576,302.335499
10838.82917,100840.0327,298.966019
10842.24698,100838.6093,295.605575
10845.46055,100837.2761,292.462716
10785.29992,100883.248,354.697453
10786.59996,100882.7423,349.895982
10787.91707,100882.2343,345.099405
10789.25122,100881.724,340.307786
10790.60239,100881.2114,335.521185
10791.96766,100880.6977,330.738704
10793.32957,100880.19,325.954629
10794.6852,100879.6893,321.16802
10796.03455,100879.1958,316.378897
10797.37762,100878.7095,311.587277
10798.71572,100878.229,306.793673
10800.05687,100877.7471,302.001064
10801.40241,100877.2626,297.20995
10802.75232,100876.7754,292.420336
10804.10661,100876.2856,287.632227
10805.46635,100875.7931,282.845946
10806.83794,100875.2971,278.063404
10808.22244,100874.7975,273.284953
10809.61984,100874.2944,268.510632
10811.03012,100873.7877,263.740476
10812.45177,100873.2777,258.974062
10813.87578,100872.7649,254.208635
10814.92466,100872.3858,250.700664
10819.53955,100870.7016,235.281505
10821.01853,100870.1426,230.290281
10822.48102,100869.5717,225.295552
10785.48938,100883.1654,354.766757
10787.141,100882.4964,350.095095
10788.77324,100881.8273,345.416615
10790.38605,100881.1584,340.731396
10791.97941,100880.4895,336.039517
10793.55794,100879.82,331.342695
10795.14939,100879.1465,326.650833
10796.75839,100878.4682,321.965641
10798.38492,100877.7852,317.287187
10800.02893,100877.0975,312.615543
10801.68828,100876.4028,307.95036
10803.35008,100875.6873,303.289213
10805.01217,100874.9485,298.631783
10806.67451,100874.1866,293.978175
10808.33706,100873.4015,289.32849
10809.99997,100872.5966,284.682319
10811.66437,100871.7919,280.03665
10813.33044,100870.9907,275.390979
10814.99819,100870.193,270.745308
10816.66761,100869.3988,266.099639
10818.33832,100868.6059,261.454209
10819.36736,100868.1118,258.592484
10822.628,100866.5097,249.51984
10824.29411,100865.6697,244.881044
10825.79272,100864.9017,240.706915
10785.76092,100883.0788,354.852638
10787.77862,100882.2388,350.355612
10789.79082,100881.4019,345.855539
10791.7975,100880.5681,341.352427
10793.79867,100879.7375,336.846285
10795.7954,100878.91,332.337593
10797.79422,100878.086,327.829177
10799.79621,100877.2656,323.321513
10801.80138,100876.4489,318.814604
10803.80971,100875.6357,314.308455
10805.82155,100874.8255,309.803353
10807.83888,100874.0136,305.301
10809.86205,100873.1993,300.801688
10811.89104,100872.3827,296.305425
10813.92585,100871.5638,291.81222
10815.96752,100870.7441,287.322264
10818.02223,100869.9332,282.836667
10820.09101,100869.1328,278.355668
10821.91334,100868.4406,274.437269
10825.43577,100867.1365,266.93783
10827.55401,100866.365,262.474883
10829.68569,100865.5895,258.01904
10831.33623,100864.9897,254.59291
10786.44666,100882.4833,355.041792
10789.08534,100881.447,350.923128
10790.66584,100880.8232,348.45009
10802.32856,100876.159,330.119863
10826.52549,100866.6379,293.765103
10829.28972,100865.5755,289.736388
10832.05993,100864.5053,285.71388
10834.83611,100863.4272,281.6976
10837.61826,100862.3413,277.687571
10840.22259,100861.318,273.951187
10778.99433,100885.6029,355.848713
10775.86588,100886.7883,352.132851
10772.74809,100887.9463,348.399451
10769.64111,100889.0769,344.648685
10767.76545,100889.7481,342.369607
10789.87102,100898.0267,355.449373
10792.22985,100897.0868,351.142108
10793.76143,100896.479,348.330346
10831.02179,100882.3388,279.248059
10833.40901,100881.467,274.926732
10835.80492,100880.5967,270.609915
10838.21649,100879.7209,266.302968
10849.59897,100924.3632,256.98012
10847.67511,100925.2683,252.4547
10845.83475,100926.135,248.144073
